{"cameraMode":{"drawMode":0,"name":"Shaded","section":"Shading Mode"},"sceneLighting":true,"audioPlay":false,"sceneViewState":{"m_AlwaysRefresh":false,"showFog":true,"showSkybox":true,"showFlares":true,"showImageEffects":true,"showParticleSystems":true,"showVisualEffectGraphs":true,"m_FxEnabled":true},"in2DMode":false,"pivot":{"x":121.46776580810547,"y":140.89785766601563,"z":-82.2652587890625},"rotation":{"x":0.35991790890693667,"y":-0.4220544397830963,"z":0.18737763166427613,"w":0.8106909990310669},"size":0.3769232928752899,"orthographic":false}